Date and Time,Latitude,Longitude,Magnitude,Depth
 15-NOV-2019 22:02:02 , 1.57 , 126.44 ,4.7 ,31 
 15-NOV-2019 21:07:00 , 16.94 , -85.56 ,4.4 ,10 
 15-NOV-2019 21:02:04 , -3.45 , 128.33 ,4.5 ,35 
 15-NOV-2019 18:15:12 , 37.15 , 23.90 ,4.5 ,11 
 15-NOV-2019 17:16:42 , -33.98 , -72.28 ,5.3 ,15 
 15-NOV-2019 16:43:49 , 1.66 , 126.69 ,4.4 ,28 
 15-NOV-2019 12:52:23 , 1.64 , 126.39 ,5.1 ,35 
 15-NOV-2019 12:41:34 , 1.37 , 126.52 ,4.6 ,35 
 15-NOV-2019 12:08:29 , 1.77 , 126.64 ,4.4 ,35 
 15-NOV-2019 11:40:30 , -8.40 , 116.07 ,4.4 ,10 
 15-NOV-2019 09:36:23 , 1.54 , 126.43 ,5.0 ,35 
 15-NOV-2019 08:08:49 , 1.56 , 126.53 ,5.0 ,35 
 15-NOV-2019 07:50:01 , 41.48 , 20.70 ,4.4 ,96 
 15-NOV-2019 07:06:54 , -4.47 , 101.77 ,4.8 ,47 
 15-NOV-2019 06:08:35 , 1.57 , 126.42 ,4.5 ,35 
 15-NOV-2019 05:53:17 , -6.92 , 130.42 ,4.5 ,102 
 15-NOV-2019 05:47:18 , 1.67 , 126.42 ,4.9 ,35 
 15-NOV-2019 05:34:49 , 1.56 , 126.35 ,5.0 ,35 
 15-NOV-2019 05:27:53 , 1.57 , 126.33 ,4.9 ,35 
 15-NOV-2019 04:42:11 , 1.47 , 126.30 ,4.9 ,35 
 15-NOV-2019 03:58:51 , 1.67 , 126.47 ,4.6 ,35 
 15-NOV-2019 03:13:00 , 1.67 , 126.54 ,5.0 ,35 
 15-NOV-2019 02:06:29 , 1.62 , 126.41 ,4.5 ,35 
 15-NOV-2019 01:57:26 , 13.25 , 119.94 ,4.8 ,40 
 15-NOV-2019 01:36:28 , 6.87 , 126.72 ,4.5 ,179 
 15-NOV-2019 01:17:38 , 1.60 , 126.36 ,5.9 ,44 
 15-NOV-2019 00:39:08 , 2.24 , 126.65 ,4.8 ,35 
 14-NOV-2019 23:59:43 , 1.68 , 126.42 ,4.8 ,35 
 14-NOV-2019 23:17:21 , 1.60 , 126.35 ,5.5 ,33 
 14-NOV-2019 22:42:23 , 1.62 , 126.41 ,5.2 ,29 
 14-NOV-2019 22:34:21 , 1.67 , 126.40 ,5.3 ,15 
 14-NOV-2019 22:28:21 , 1.67 , 126.44 ,4.9 ,35 
 14-NOV-2019 22:25:50 , 1.58 , 126.48 ,5.0 ,35 
 14-NOV-2019 22:15:11 , 1.63 , 126.48 ,5.4 ,35 
 14-NOV-2019 22:00:34 , 1.48 , 126.43 ,5.0 ,35 
 14-NOV-2019 21:56:06 , 1.62 , 126.46 ,4.4 ,35 
 14-NOV-2019 21:37:24 , 1.48 , 126.43 ,5.3 ,11 
 14-NOV-2019 21:33:46 , 1.58 , 126.46 ,4.8 ,37 
 14-NOV-2019 21:30:51 , -17.61 , -178.78 ,4.7 ,552 
 14-NOV-2019 21:12:54 , 1.54 , 126.47 ,6.0 ,26 
 14-NOV-2019 21:07:29 , 1.53 , 126.42 ,5.2 ,35 
 14-NOV-2019 20:54:02 , 1.67 , 126.45 ,5.3 ,35 
 14-NOV-2019 20:52:25 , -8.55 , -74.53 ,4.9 ,109 
 14-NOV-2019 20:39:05 , 1.69 , 126.40 ,5.3 ,14 
 14-NOV-2019 20:19:42 , 1.73 , 126.60 ,5.4 ,7 
 14-NOV-2019 20:10:49 , 1.71 , 126.37 ,5.0 ,35 
 14-NOV-2019 20:07:05 , 1.68 , 126.56 ,4.6 ,35 
 14-NOV-2019 18:45:38 , 1.44 , 126.38 ,5.8 ,25 
 14-NOV-2019 18:30:17 , 7.03 , 94.78 ,5.0 ,126 
 14-NOV-2019 17:55:20 , 1.67 , 126.63 ,4.9 ,35 
 14-NOV-2019 17:44:41 , 1.69 , 126.51 ,4.6 ,35 
 14-NOV-2019 17:40:37 , 1.72 , 126.52 ,4.6 ,22 
 14-NOV-2019 17:11:36 , 1.64 , 126.36 ,5.0 ,35 
 14-NOV-2019 16:38:52 , 1.59 , 126.55 ,4.8 ,29 
 14-NOV-2019 16:17:40 , 1.63 , 126.41 , 7.1 ,33 
 14-NOV-2019 15:10:20 , -8.15 , 114.90 ,4.6 ,10 
 14-NOV-2019 14:40:26 , -1.25 , 120.94 ,4.5 ,31 
 14-NOV-2019 13:23:20 , -21.13 , -179.29 ,4.5 ,599 
 14-NOV-2019 10:21:39 , -8.14 , 114.88 ,4.9 ,10 
 14-NOV-2019 10:10:12 , -8.29 , 114.91 ,4.6 ,10 
 14-NOV-2019 09:23:33 , 36.42 , 71.52 ,5.2 ,88 
 14-NOV-2019 08:33:56 , 16.82 , -100.59 ,4.1 ,20 
 14-NOV-2019 08:04:03 , -1.89 , 100.25 ,5.0 ,62 
 14-NOV-2019 06:50:07 , -17.97 , -177.85 ,4.4 ,468 
 14-NOV-2019 05:40:02 , -18.78 , -69.51 ,4.3 ,132 
 14-NOV-2019 05:26:25 , 9.91 , 57.63 ,5.5 ,10 
 14-NOV-2019 03:28:27 , 48.21 , 154.78 ,4.6 ,46 
 14-NOV-2019 02:51:51 , 19.70 , 121.23 ,4.5 ,35 
 14-NOV-2019 01:20:04 , -7.55 , 127.98 ,4.4 ,108 
 13-NOV-2019 23:14:38 , 26.62 , 140.48 ,4.5 ,422 
 13-NOV-2019 22:08:23 , 12.61 , -87.97 ,4.3 ,64 
 13-NOV-2019 21:12:57 , -19.93 , -70.97 ,4.2 ,16 
 13-NOV-2019 17:57:48 , 27.83 , 53.10 ,4.2 ,10 
 13-NOV-2019 16:28:54 , 13.67 , -90.96 ,5.5 ,61 
 13-NOV-2019 16:28:21 , 27.74 , 53.03 ,4.3 ,10 
 13-NOV-2019 14:33:40 , 13.02 , 51.12 ,4.5 ,10 
 13-NOV-2019 14:28:05 , 16.31 , 121.81 ,4.9 ,82 
 13-NOV-2019 14:17:17 , -32.52 , 80.06 ,5.5 ,10 
 13-NOV-2019 13:44:05 , 7.30 , -35.43 ,5.5 ,10 
 13-NOV-2019 13:14:21 , -12.39 , 166.95 ,4.6 ,213 
 13-NOV-2019 13:10:54 , 26.23 , 93.36 ,4.7 ,46 
 13-NOV-2019 07:21:34 , -21.92 , -179.40 ,4.6 ,585 
 13-NOV-2019 03:34:56 , -6.26 , 104.60 ,4.5 ,56 
 13-NOV-2019 03:29:00 , 46.81 , 152.73 ,4.7 ,35 
 13-NOV-2019 02:33:01 , 15.85 , 146.85 ,5.3 ,10 
 13-NOV-2019 00:09:19 , -15.33 , -70.42 ,5.1 ,200 
 12-NOV-2019 21:47:34 , -11.76 , -77.23 ,4.0 ,64 
 12-NOV-2019 21:35:07 , 12.93 , -88.53 ,5.1 ,71 
 12-NOV-2019 16:02:42 , -20.15 , 59.84 ,4.8 ,10 
 12-NOV-2019 15:51:06 , -15.03 , 167.85 ,5.0 ,122 
 12-NOV-2019 15:11:32 , 1.42 , 126.49 ,4.7 ,51 
 12-NOV-2019 14:34:07 , 51.01 , 93.26 ,4.3 ,10 
 12-NOV-2019 14:01:49 , 37.79 , 69.95 ,4.3 ,10 
 12-NOV-2019 13:18:25 , 27.17 , 57.71 ,4.2 ,10 
 12-NOV-2019 12:55:38 , 36.51 , 141.06 ,4.6 ,36 
 12-NOV-2019 12:40:49 , -15.93 , -176.54 ,4.4 ,369 
 12-NOV-2019 11:42:52 , 0.87 , 97.40 ,4.9 ,32 
 12-NOV-2019 10:10:44 , -3.61 , 128.30 ,5.0 ,50 
 12-NOV-2019 08:25:21 , 27.17 , 57.80 ,4.7 ,10 
 12-NOV-2019 08:16:47 , 9.91 , 57.52 ,4.8 ,10 
 12-NOV-2019 02:48:27 , 0.95 , 123.62 ,4.6 ,35 
 12-NOV-2019 02:00:29 , 30.11 , 80.30 ,4.3 ,36 
 11-NOV-2019 23:40:59 , 1.39 , 127.01 ,5.3 ,117 
 11-NOV-2019 23:32:39 , -2.45 , 139.57 ,4.1 ,10 
 11-NOV-2019 23:03:28 , -18.89 , -175.36 ,6.1 ,10 
 11-NOV-2019 23:00:21 , -18.72 , -175.36 ,5.4 ,10 
 11-NOV-2019 20:52:23 , -31.80 , -71.44 ,4.3 ,40 
 11-NOV-2019 16:54:56 , 20.85 , 121.77 ,4.8 ,88 
 11-NOV-2019 16:35:52 , 19.86 , -155.36 ,4.93 ,33 
 11-NOV-2019 16:03:57 , 12.49 , -88.16 ,4.6 ,35 
 11-NOV-2019 15:52:41 , -0.96 , 128.55 ,4.5 ,22 
 11-NOV-2019 14:37:13 , -15.28 , -173.29 ,4.6 ,10 
 11-NOV-2019 11:42:36 , -14.22 , 167.11 ,4.6 ,173 
 11-NOV-2019 11:15:56 , -21.37 , -67.33 ,4.4 ,193 
 11-NOV-2019 10:52:47 , 44.63 , 4.67 ,4.8 ,10 
 11-NOV-2019 09:20:57 , -6.53 , 131.25 ,5.0 ,33 
 11-NOV-2019 05:11:01 , 5.63 , 126.67 ,4.4 ,79 
 11-NOV-2019 05:08:44 , -18.63 , -172.20 ,4.6 ,10 
 11-NOV-2019 02:19:49 , -27.70 , -71.40 ,4.3 ,20 
 11-NOV-2019 00:58:43 , 38.45 , 45.32 ,4.0 ,10 
 11-NOV-2019 00:12:32 , 27.15 , 57.77 ,4.0 ,38 
 10-NOV-2019 20:35:02 , -22.30 , -174.20 ,4.9 ,10 
 10-NOV-2019 16:14:21 , -7.25 , -75.86 ,4.9 ,114 
 10-NOV-2019 16:02:12 , 27.90 , 56.35 ,4.6 ,10 
 10-NOV-2019 15:18:21 , -28.87 , -67.36 ,4.2 ,159 
 10-NOV-2019 14:24:00 , -60.93 , -51.07 ,5.2 ,10 
 10-NOV-2019 13:59:41 , -55.59 , -27.60 ,4.9 ,27 
 10-NOV-2019 11:12:08 , 43.36 , 139.34 ,4.4 ,201 
 10-NOV-2019 10:46:04 , 40.26 , 144.02 ,5.2 ,10 
 10-NOV-2019 09:50:57 , 5.30 , -75.60 ,4.6 ,122 
 10-NOV-2019 09:18:27 , -9.63 , 152.34 ,4.5 ,10 
 10-NOV-2019 07:21:29 , -28.27 , -70.74 ,5.1 ,105 
 10-NOV-2019 03:21:34 , -7.11 , 128.82 ,4.6 ,44 
 10-NOV-2019 02:13:47 , 37.81 , 47.51 ,4.8 ,10 
 09-NOV-2019 23:10:35 , -59.79 , -24.91 ,4.8 ,10 
 09-NOV-2019 22:46:52 , 28.27 , 104.98 ,4.5 ,10 
 09-NOV-2019 18:58:41 , 52.75 , -132.32 ,4.2 ,15 
 09-NOV-2019 17:57:39 , -8.57 , 118.33 ,4.6 ,133 
 09-NOV-2019 17:26:13 , 14.75 , -93.03 ,4.0 ,54 
 09-NOV-2019 14:17:00 , 1.95 , 96.76 ,4.7 ,32 
 09-NOV-2019 13:26:10 , 67.06 , -154.29 ,4.6 ,3 
 09-NOV-2019 11:24:30 , -20.29 , -176.29 ,5.6 ,257 
 09-NOV-2019 11:16:58 , 52.51 , 160.79 ,5.0 ,10 
 09-NOV-2019 08:53:50 , -34.81 , -179.40 ,4.8 ,20 
 09-NOV-2019 08:32:52 , 14.48 , -90.29 ,5.6 ,197 
 09-NOV-2019 05:38:47 , 0.74 , -29.12 ,4.9 ,10 
 09-NOV-2019 03:43:50 , -14.84 , 167.50 ,4.9 ,101 
 09-NOV-2019 00:27:57 , -27.33 , 66.76 ,5.1 ,10 
 08-NOV-2019 23:14:47 , 0.24 , 127.03 ,4.7 ,114 
 08-NOV-2019 21:03:41 , 43.60 , 147.00 ,4.8 ,56 
 08-NOV-2019 20:15:26 , 61.31 , -149.96 ,4.0 ,37 
 08-NOV-2019 19:57:23 , 4.83 , 127.39 ,5.1 ,79 
 08-NOV-2019 15:52:46 , -15.72 , -173.11 ,5.2 ,35 
 08-NOV-2019 15:00:53 , 24.93 , -45.66 ,5.1 ,10 
 08-NOV-2019 14:54:39 , -4.19 , 133.99 ,4.1 ,10 
 08-NOV-2019 13:59:10 , -7.63 , 127.85 ,4.6 ,157 
 08-NOV-2019 13:51:47 , 37.81 , 47.48 ,4.7 ,10 
 08-NOV-2019 11:22:52 , -22.08 , -179.53 ,4.4 ,557 
 08-NOV-2019 10:44:44 , -21.97 , -179.49 , 6.5 ,583 
 08-NOV-2019 10:29:46 , 36.48 , 70.22 ,4.3 ,209 
 08-NOV-2019 10:09:57 , -57.89 , -25.15 ,4.9 ,35 
 08-NOV-2019 09:41:14 , -15.76 , -172.85 ,5.8 ,35 
 08-NOV-2019 09:18:23 , 36.60 , 140.85 ,4.2 ,46 
 08-NOV-2019 08:11:17 , 10.65 , -62.02 ,4.6 ,50 
 08-NOV-2019 07:25:51 , 21.51 , 143.13 ,4.9 ,316 
 08-NOV-2019 05:52:06 , -2.83 , 147.59 ,5.2 ,10 
 08-NOV-2019 05:31:44 , 10.78 , 125.70 ,5.2 ,54 
 07-NOV-2019 23:07:17 , 36.75 , 45.22 ,4.4 ,10 
 07-NOV-2019 22:51:26 , 52.89 , -160.71 ,4.1 ,10 
 07-NOV-2019 22:47:05 , 37.81 , 47.56 ,5.9 ,10 
 07-NOV-2019 22:41:28 , 5.67 , 126.34 ,5.1 ,95 
 07-NOV-2019 22:24:49 , -37.60 , 51.46 ,5.4 ,10 
 07-NOV-2019 21:48:44 , 55.01 , -157.97 ,4.9 ,36 
 07-NOV-2019 19:13:40 , -20.46 , -68.94 ,4.5 ,103 
 07-NOV-2019 18:00:56 , 27.22 , 55.00 ,4.3 ,10 
 07-NOV-2019 17:35:21 , 41.84 , 13.60 ,4.6 ,10 
 07-NOV-2019 14:21:48 , -3.98 , -104.01 ,4.8 ,10 
 07-NOV-2019 13:07:32 , -29.09 , -12.90 ,5.0 ,10 
 07-NOV-2019 08:28:21 , 55.05 , 111.42 ,4.4 ,10 
 07-NOV-2019 08:11:09 , -38.39 , 176.10 ,4.1 ,175 
 07-NOV-2019 04:35:37 , 1.93 , 126.60 ,4.7 ,64 
 07-NOV-2019 04:18:23 , 19.38 , 121.09 ,4.8 ,36 
 07-NOV-2019 02:30:32 , -3.90 , -103.95 ,4.6 ,10 
 07-NOV-2019 01:12:53 , 38.14 , 72.95 ,4.3 ,159 
 06-NOV-2019 23:37:21 , -20.93 , -174.08 ,5.0 ,10 
 06-NOV-2019 22:07:57 , 36.48 , 142.67 ,4.6 ,10 
 06-NOV-2019 22:03:12 , 40.99 , 142.68 ,4.8 ,34 
 06-NOV-2019 21:05:07 , 12.25 , -88.03 ,4.5 ,35 
 06-NOV-2019 21:00:55 , -22.89 , -66.13 ,4.8 ,212 
 06-NOV-2019 20:52:55 , 14.87 , 122.74 ,5.7 ,10 
 06-NOV-2019 20:38:49 , 11.98 , -88.22 ,4.8 ,10 
 06-NOV-2019 16:28:51 , 27.30 , 54.91 ,4.6 ,10 
 06-NOV-2019 16:10:54 , -10.72 , 166.09 ,4.9 ,103 
 06-NOV-2019 16:05:14 , -5.88 , 104.29 ,4.3 ,62 
 06-NOV-2019 15:56:11 , 41.28 , 70.47 ,4.4 ,49 
 06-NOV-2019 14:45:44 , -17.98 , -178.19 ,4.4 ,591 
 06-NOV-2019 14:44:05 , -18.18 , -178.29 ,4.3 ,544 
 06-NOV-2019 14:04:05 , 12.23 , -88.06 ,4.5 ,42 
 06-NOV-2019 13:53:37 , 0.19 , 96.97 ,4.3 ,10 
 06-NOV-2019 13:23:17 , 36.45 , 69.06 ,4.3 ,51 
 06-NOV-2019 13:16:14 , 38.31 , 141.86 ,4.1 ,38 
 06-NOV-2019 12:23:36 , 27.14 , 54.90 ,4.4 ,10 
 06-NOV-2019 11:49:51 , -20.85 , -178.39 ,4.2 ,533 
 06-NOV-2019 08:37:21 , 26.27 , 55.05 ,4.5 ,10 
 06-NOV-2019 07:40:43 , 27.26 , 54.95 ,5.3 ,10 
 06-NOV-2019 06:06:11 , 47.70 , 152.42 ,4.8 ,121 
 06-NOV-2019 05:59:50 , 16.21 , -97.97 ,5.0 ,30 
 06-NOV-2019 02:22:23 , 25.12 , 122.95 ,4.2 ,171 
 06-NOV-2019 02:12:43 , 16.32 , -97.94 ,4.5 ,37 
 06-NOV-2019 00:41:35 , 21.24 , -45.76 ,4.5 ,10 
 06-NOV-2019 00:39:09 , -13.72 , 167.81 ,6.0 ,10 
 06-NOV-2019 00:14:16 , 37.98 , 135.27 ,4.1 ,356 
 05-NOV-2019 23:34:15 , -13.68 , 167.72 ,5.0 ,10 
 05-NOV-2019 23:17:25 , -13.81 , 167.74 ,6.0 ,10 
 05-NOV-2019 21:34:08 , -7.32 , 126.73 ,4.1 ,355 
 05-NOV-2019 21:01:23 , -21.18 , -68.57 ,4.2 ,108 
 05-NOV-2019 20:52:22 , 36.55 , 70.13 ,5.1 ,208 
 05-NOV-2019 20:52:01 , -57.96 , -9.27 , 6.3 ,10 
 05-NOV-2019 19:18:58 , -9.52 , 121.20 ,4.0 ,83 
 05-NOV-2019 18:33:06 , 55.88 , 162.91 ,4.8 ,10 
 05-NOV-2019 16:10:40 , -24.99 , 179.78 ,4.5 ,503 
 05-NOV-2019 16:05:01 , 23.32 , 142.17 ,4.2 ,10 
 05-NOV-2019 16:04:50 , 6.73 , -73.00 ,4.3 ,155 
 05-NOV-2019 15:59:38 , 11.87 , 143.74 ,5.1 ,10 
 05-NOV-2019 15:41:27 , 42.34 , 143.14 ,4.7 ,60 
 05-NOV-2019 13:44:09 , 37.55 , 71.78 ,4.4 ,110 
 05-NOV-2019 07:03:45 , 52.45 , -172.88 ,4.6 ,126 
 05-NOV-2019 02:21:00 , 12.67 , 144.00 ,4.5 ,35 
 05-NOV-2019 00:05:30 , -18.55 , -175.29 ,4.9 ,10 
 04-NOV-2019 23:07:11 , -31.82 , -71.55 ,4.0 ,35 
 04-NOV-2019 22:46:10 , -18.60 , -175.70 ,5.5 ,10 
 04-NOV-2019 22:43:32 , -18.57 , -175.27 , 6.6 ,10 
 04-NOV-2019 21:53:25 , -31.84 , -71.38 ,6.1 ,53 
 04-NOV-2019 18:32:53 , -22.13 , -176.65 ,5.4 ,156 
 04-NOV-2019 16:26:41 , -7.80 , 127.92 ,4.5 ,135 
 04-NOV-2019 16:25:24 , -2.83 , 127.87 ,4.7 ,20 
 04-NOV-2019 15:52:05 , 43.46 , 147.83 ,4.6 ,10 
 04-NOV-2019 15:17:54 , -15.16 , 167.60 ,4.3 ,122 
 04-NOV-2019 14:50:06 , 14.65 , 119.72 ,4.9 ,35 
 04-NOV-2019 14:40:38 , -5.12 , 143.61 ,4.1 ,108 
 04-NOV-2019 14:38:47 , 33.60 , 135.93 ,4.1 ,410 
 04-NOV-2019 13:03:39 , -21.41 , -70.49 ,5.1 ,31 
 04-NOV-2019 10:30:13 , 55.09 , 111.65 ,4.9 ,10 
 04-NOV-2019 09:19:55 , -25.86 , -70.76 ,4.5 ,65 
 04-NOV-2019 07:00:08 , -2.70 , 140.16 ,4.4 ,35 
 04-NOV-2019 04:56:44 , -7.28 , 129.15 ,4.6 ,132 
 04-NOV-2019 02:20:13 , -31.57 , -69.66 ,4.0 ,112 
 04-NOV-2019 00:45:21 , 26.06 , 54.73 ,4.1 ,10 
 04-NOV-2019 00:18:40 , 26.13 , 54.70 ,4.2 ,10 
 03-NOV-2019 23:30:00 , -8.86 , 110.49 ,4.4 ,57 
 03-NOV-2019 23:29:34 , -31.63 , -69.21 ,4.5 ,115 
 03-NOV-2019 20:56:44 , -7.79 , 159.00 ,4.6 ,51 
 03-NOV-2019 20:34:57 , 38.77 , -122.77 ,4.1 ,3 
 03-NOV-2019 18:42:09 , 6.20 , 123.98 ,4.5 ,550 
 03-NOV-2019 18:29:18 , -17.76 , -69.84 ,4.5 ,132 
 03-NOV-2019 17:02:06 , -23.21 , 179.02 ,4.6 ,578 
 03-NOV-2019 16:38:26 , -14.69 , 171.69 ,4.3 ,623 
 03-NOV-2019 16:13:06 , 36.28 , 28.75 ,4.2 ,10 
 03-NOV-2019 16:07:32 , -35.01 , 179.41 ,5.1 ,85 
 03-NOV-2019 15:39:54 , 36.50 , 69.93 ,4.4 ,246 
 03-NOV-2019 15:27:32 , -20.20 , -178.27 ,4.3 ,571 
 03-NOV-2019 14:55:45 , 36.01 , 139.93 ,4.6 ,50 
 03-NOV-2019 14:42:20 , 5.79 , 127.07 ,4.7 ,48 
 03-NOV-2019 14:22:03 , -5.33 , 147.07 ,4.3 ,148 
 03-NOV-2019 13:24:58 , 33.64 , 46.39 ,4.4 ,10 
 03-NOV-2019 13:23:18 , -29.16 , -67.68 ,5.6 ,120 
 03-NOV-2019 12:41:02 , 36.57 , 70.83 ,4.3 ,190 
 03-NOV-2019 10:33:38 , -17.39 , -69.97 ,4.2 ,139 
 03-NOV-2019 09:49:52 , 2.86 , 96.15 ,4.6 ,24 
 03-NOV-2019 08:06:10 , -30.66 , -72.10 ,5.2 ,10 
 03-NOV-2019 05:02:44 , 37.33 , 141.73 ,4.7 ,33 
 03-NOV-2019 04:18:34 , 36.38 , 28.70 ,4.1 ,10 
 03-NOV-2019 03:54:03 , 19.11 , 121.23 ,4.9 ,49 
 03-NOV-2019 03:51:10 , -7.57 , 128.50 ,4.5 ,133 
 03-NOV-2019 03:32:56 , 2.13 , 121.73 ,4.4 ,549 
 03-NOV-2019 01:47:08 , 36.56 , 142.64 ,4.9 ,10 
 03-NOV-2019 01:37:55 , 36.48 , 142.66 ,4.6 ,10 
 03-NOV-2019 01:09:11 , -2.63 , 102.03 ,4.3 ,154 
 03-NOV-2019 00:13:48 , -19.73 , -178.02 ,4.3 ,525 
 02-NOV-2019 23:23:22 , 1.79 , 128.17 ,4.1 ,100 
 02-NOV-2019 23:18:09 , 47.08 , 151.72 ,4.3 ,120 
 02-NOV-2019 23:12:59 , -7.54 , 127.54 ,4.7 ,163 
 02-NOV-2019 22:41:41 , 17.63 , 147.99 ,4.9 ,10 
 02-NOV-2019 22:03:19 , -18.14 , 120.35 ,4.4 ,10 
 02-NOV-2019 21:29:55 , -8.23 , 118.53 ,4.4 ,169 
 02-NOV-2019 21:29:01 , -21.54 , -68.51 ,4.1 ,132 
 02-NOV-2019 19:37:15 , 44.22 , 139.83 ,4.0 ,250 
 02-NOV-2019 19:26:34 , 24.37 , 121.97 ,4.4 ,33 
 02-NOV-2019 18:08:41 , -55.67 , -26.23 ,6.1 ,8 
 02-NOV-2019 17:40:06 , 11.26 , -86.87 ,4.5 ,39 
 02-NOV-2019 17:39:28 , 35.88 , 140.16 ,4.5 ,102 
 02-NOV-2019 15:38:55 , 27.48 , 142.89 ,4.9 ,10 
 02-NOV-2019 15:33:40 , 38.39 , 142.24 ,4.4 ,21 
 02-NOV-2019 14:54:22 , 2.25 , -84.37 ,4.6 ,31 
 02-NOV-2019 14:11:34 , 44.38 , 17.54 ,4.7 ,10 
 02-NOV-2019 13:20:53 , -21.12 , -68.86 ,4.4 ,114 
 02-NOV-2019 12:20:09 , -2.49 , -80.78 ,4.4 ,43 
 02-NOV-2019 07:02:42 , 13.88 , 144.76 ,4.3 ,123 
 02-NOV-2019 05:16:10 , -6.29 , 142.46 ,4.9 ,35 
 02-NOV-2019 05:03:41 , 4.23 , 124.63 ,4.5 ,305 
 02-NOV-2019 03:06:41 , 35.66 , 140.73 ,4.5 ,42 
 02-NOV-2019 02:43:37 , 55.72 , 160.65 ,4.4 ,139 
 02-NOV-2019 02:41:54 , -3.33 , 130.60 ,4.9 ,28 
 02-NOV-2019 02:06:05 , 3.25 , 127.10 ,4.5 ,48 
 02-NOV-2019 00:13:34 , 36.53 , 69.99 ,4.0 ,222 
 01-NOV-2019 23:43:28 , -29.18 , -71.88 ,4.1 ,37 
 01-NOV-2019 22:36:14 , 35.32 , 89.02 ,4.6 ,10 
 01-NOV-2019 22:05:53 , -23.51 , -66.67 ,4.4 ,196 
 01-NOV-2019 21:38:52 , -17.46 , -178.94 ,4.0 ,521 
 01-NOV-2019 20:25:21 , 15.84 , -89.89 ,4.0 ,40 
 01-NOV-2019 19:17:52 , 47.20 , 151.51 ,4.4 ,35 
 01-NOV-2019 18:38:36 , 6.82 , 125.08 ,4.9 ,14 
 01-NOV-2019 16:33:25 , -3.29 , 130.74 ,4.7 ,53 
 01-NOV-2019 15:24:12 , 11.57 , -86.79 ,5.3 ,50 
 01-NOV-2019 10:17:04 , 36.51 , 31.46 ,4.0 ,88 
 01-NOV-2019 08:38:11 , -7.74 , 108.11 ,4.7 ,97 
 01-NOV-2019 08:20:57 , 32.69 , 48.16 ,4.5 ,10 
 01-NOV-2019 07:52:11 , -14.87 , 170.68 ,4.2 ,634 
 01-NOV-2019 07:04:41 , 1.49 , -85.28 ,4.4 ,10 
 01-NOV-2019 06:07:56 , 6.75 , 125.07 ,4.9 ,10 
 01-NOV-2019 05:25:45 , 40.52 , 20.81 ,4.7 ,14 
 01-NOV-2019 05:08:34 , -9.14 , 106.99 ,4.6 ,10 
 01-NOV-2019 04:14:12 , 3.14 , 126.79 ,4.5 ,89 
 01-NOV-2019 02:51:52 , 3.24 , 127.17 ,4.8 ,33 
 01-NOV-2019 02:34:01 , 3.19 , 127.00 ,5.4 ,54 
 01-NOV-2019 02:32:42 , -8.55 , 147.48 ,4.7 ,10 
 01-NOV-2019 00:30:08 , -5.75 , 146.77 ,4.5 ,48 
 01-NOV-2019 00:17:21 , -22.58 , -66.05 ,4.3 ,262 
 31-OCT-2019 23:18:21 , 6.81 , 125.18 ,4.6 ,10 
 31-OCT-2019 22:09:14 , -32.27 , -71.47 ,4.5 ,46 
 31-OCT-2019 21:13:51 , -17.78 , -178.52 ,4.5 ,545 
 31-OCT-2019 20:42:29 , 24.73 , 127.69 ,4.2 ,10 
 31-OCT-2019 20:18:03 , -23.19 , -114.78 ,4.5 ,10 
 31-OCT-2019 19:37:25 , 24.48 , 102.89 ,4.4 ,10 
 31-OCT-2019 19:28:38 , -6.82 , 128.03 ,4.4 ,297 
 31-OCT-2019 19:18:44 , -17.67 , -172.38 ,5.2 ,10 
 31-OCT-2019 17:35:30 , 6.76 , 125.11 ,4.9 ,14 
 31-OCT-2019 17:16:40 , -17.18 , -178.99 ,4.1 ,603 
 31-OCT-2019 16:38:36 , -24.29 , -176.51 ,5.0 ,29 
 31-OCT-2019 15:43:59 , 26.14 , 54.75 ,5.0 ,10 
 31-OCT-2019 12:54:22 , -7.50 , 156.81 ,5.1 ,403 
 31-OCT-2019 11:19:23 , -30.51 , 30.08 ,4.3 ,10 
 31-OCT-2019 10:41:17 , 7.06 , 125.43 ,4.5 ,10 
 31-OCT-2019 08:56:40 , 6.69 , 125.13 ,4.8 ,10 
 31-OCT-2019 08:24:04 , 43.81 , 147.22 ,4.5 ,66 
 31-OCT-2019 08:17:55 , -3.25 , 148.96 ,4.2 ,10 
 31-OCT-2019 08:03:33 , 28.83 , 102.40 ,4.3 ,10 
 31-OCT-2019 05:56:43 , -6.35 , 147.46 ,4.2 ,71 
 31-OCT-2019 05:34:23 , 6.85 , 125.11 ,4.6 ,10 
 31-OCT-2019 02:08:41 , -20.92 , -178.93 ,4.6 ,619 
 31-OCT-2019 01:11:19 , 6.91 , 125.16 , 6.5 ,10 
 31-OCT-2019 00:59:09 , 6.87 , 125.08 ,4.2 ,10 
 31-OCT-2019 00:53:15 , -22.32 , -67.68 ,4.2 ,192 
 30-OCT-2019 22:59:15 , -10.41 , 161.25 ,5.0 ,44 
 30-OCT-2019 22:59:08 , -7.34 , 119.99 ,4.6 ,408 
 30-OCT-2019 22:40:10 , 24.37 , 126.36 ,4.4 ,10 
 30-OCT-2019 22:26:32 , -4.43 , 101.12 ,4.4 ,4 
 30-OCT-2019 21:30:31 , 6.84 , 125.11 ,4.3 ,6 
 30-OCT-2019 20:57:51 , -2.93 , 28.60 ,4.9 ,10 
 30-OCT-2019 20:55:27 , -2.80 , 28.46 ,5.1 ,10 
 30-OCT-2019 20:35:48 , 6.87 , 125.03 ,4.4 ,10 
 30-OCT-2019 19:20:20 , 1.46 , 126.40 ,4.0 ,35 
 30-OCT-2019 19:13:41 , -15.37 , -173.26 ,4.5 ,10 
 30-OCT-2019 18:36:32 , 1.82 , 127.48 ,4.2 ,126 
 30-OCT-2019 18:23:48 , 6.75 , 125.12 ,4.7 ,13 
 30-OCT-2019 17:29:00 , 1.47 , 126.39 ,5.4 ,26 
 30-OCT-2019 17:01:55 , 19.67 , 121.99 ,4.3 ,61 
 30-OCT-2019 16:44:08 , -30.22 , -177.82 ,4.7 ,35 
 30-OCT-2019 16:35:24 , 6.71 , 124.96 ,4.4 ,10 
 30-OCT-2019 15:54:56 , 30.24 , 141.61 ,4.5 ,46 
 30-OCT-2019 14:56:57 , -15.50 , -70.28 ,4.6 ,205 
 30-OCT-2019 14:03:44 , -22.44 , -68.70 ,4.0 ,99 
 30-OCT-2019 13:27:41 , -14.41 , 167.36 ,4.6 ,174 
 30-OCT-2019 11:33:04 , 27.25 , 55.12 ,4.3 ,10 
 30-OCT-2019 08:00:14 , 6.73 , 125.12 ,4.8 ,10 
 30-OCT-2019 04:52:58 , -19.07 , -69.42 ,4.5 ,116 
 30-OCT-2019 03:49:11 , -29.16 , 61.31 ,4.8 ,10 
 30-OCT-2019 03:16:31 , 5.56 , 126.58 ,4.5 ,99 
 30-OCT-2019 02:18:24 , 19.12 , -67.13 ,4.1 ,23 
 30-OCT-2019 02:12:39 , 40.99 , 142.35 ,4.4 ,48 
 30-OCT-2019 02:09:37 , 36.00 , 139.66 ,4.1 ,135 
 30-OCT-2019 01:56:52 , 27.22 , 55.03 ,4.5 ,10 
 30-OCT-2019 01:49:31 , -2.70 , 138.31 ,4.9 ,22 
 30-OCT-2019 01:38:00 , 6.80 , 125.08 ,4.8 ,10 
 30-OCT-2019 00:37:01 , 6.80 , 125.15 ,4.8 ,10 
 29-OCT-2019 22:21:33 , 6.74 , 125.04 ,4.6 ,16 
 29-OCT-2019 21:44:31 , 18.32 , -104.77 ,4.1 ,10 
 29-OCT-2019 21:43:39 , 36.61 , 70.84 ,4.1 ,215 
 29-OCT-2019 21:22:07 , 6.78 , 125.11 ,5.0 ,13 
 29-OCT-2019 20:32:07 , -21.27 , -68.92 ,4.5 ,122 
 29-OCT-2019 20:16:57 , -30.15 , -69.37 ,4.2 ,132 
 29-OCT-2019 20:16:20 , 56.14 , 164.74 ,5.2 ,10 
 29-OCT-2019 18:50:11 , 9.92 , -84.23 ,4.3 ,67 
 29-OCT-2019 17:47:51 , 6.88 , 124.93 ,4.8 ,16 
 29-OCT-2019 16:37:32 , 6.73 , 125.22 ,4.5 ,10 
 29-OCT-2019 16:23:46 , 27.09 , 54.90 ,4.2 ,10 
 29-OCT-2019 15:13:14 , 6.68 , 125.08 ,4.5 ,10 
 29-OCT-2019 14:53:57 , -1.21 , 127.50 ,4.3 ,10 
 29-OCT-2019 14:36:16 , 79.47 , 4.41 ,4.9 ,10 
 29-OCT-2019 14:30:49 , -46.18 , 165.92 ,4.3 ,10 
 29-OCT-2019 13:52:06 , -17.65 , -178.76 ,4.3 ,551 
 29-OCT-2019 13:35:39 , 54.99 , 111.93 ,4.5 ,10 
 29-OCT-2019 13:33:26 , -3.30 , 139.35 ,4.1 ,56 
 29-OCT-2019 13:01:52 , 35.64 , 25.14 ,4.5 ,69 
 29-OCT-2019 11:33:45 , -19.84 , -69.33 ,4.0 ,98 
 29-OCT-2019 09:05:54 , -18.97 , -69.38 ,4.5 ,112 
 29-OCT-2019 08:46:03 , 6.79 , 125.18 ,5.2 ,10 
 29-OCT-2019 08:44:09 , -6.32 , 154.81 ,5.8 ,69 
 29-OCT-2019 08:33:12 , 6.85 , 125.01 ,5.3 ,10 
 29-OCT-2019 08:16:32 , -23.39 , -177.10 ,5.5 ,162 
 29-OCT-2019 08:15:41 , -23.15 , -70.83 ,4.9 ,10 
 29-OCT-2019 07:13:03 , 15.91 , -95.04 ,4.2 ,42 
 29-OCT-2019 06:45:31 , -0.07 , 123.10 ,4.7 ,148 
 29-OCT-2019 02:42:39 , 6.86 , 125.00 ,5.8 ,10 
 29-OCT-2019 02:38:17 , -19.57 , -69.35 ,4.6 ,99 
 29-OCT-2019 02:22:35 , 6.97 , 125.09 ,5.0 ,10 
 29-OCT-2019 01:04:44 , 6.80 , 125.04 , 6.6 ,15 
 29-OCT-2019 00:50:13 , -23.23 , -67.84 ,4.6 ,139 
 28-OCT-2019 22:44:47 , -6.39 , 128.70 ,4.2 ,304 
 28-OCT-2019 20:45:51 , -29.21 , 61.16 ,5.1 ,10 
 28-OCT-2019 20:24:51 , -6.34 , 130.26 ,4.0 ,155 
 28-OCT-2019 18:43:31 , 3.22 , 124.92 ,4.4 ,226 
 28-OCT-2019 17:45:19 , -6.47 , 152.18 ,4.4 ,10 
 28-OCT-2019 17:23:21 , -5.39 , 127.94 ,4.3 ,379 
 28-OCT-2019 17:19:47 , 46.21 , 149.81 ,4.4 ,168 
 28-OCT-2019 14:13:03 , 34.38 , 47.55 ,4.4 ,10 
 28-OCT-2019 13:42:00 , 0.94 , 126.44 ,4.3 ,35 
 28-OCT-2019 13:17:41 , 0.02 , 126.73 ,4.4 ,48 
 28-OCT-2019 13:12:00 , -18.87 , 169.18 ,4.2 ,221 
 28-OCT-2019 11:26:29 , 40.48 , 145.27 ,4.7 ,35 
 28-OCT-2019 11:01:04 , 41.89 , -125.84 ,5.24 ,10 
 28-OCT-2019 09:14:10 , -5.59 , 110.14 ,4.6 ,544 
 28-OCT-2019 08:01:39 , -9.75 , 159.74 ,5.1 ,23 
 28-OCT-2019 06:05:17 , -20.13 , -177.89 ,4.3 ,520 
 28-OCT-2019 05:42:23 , -20.33 , 66.55 ,4.6 ,10 
 28-OCT-2019 04:32:50 , 79.61 , 4.52 ,4.6 ,10 
 28-OCT-2019 04:08:31 , -5.00 , 151.77 ,4.4 ,132 
 28-OCT-2019 04:07:50 , 2.46 , 128.42 ,5.0 ,60 
 28-OCT-2019 03:55:06 , -30.24 , -68.88 ,5.0 ,10 
 28-OCT-2019 02:51:47 , 0.07 , 122.98 ,4.0 ,168 
 28-OCT-2019 02:30:22 , 47.15 , 152.67 ,4.5 ,56 
 28-OCT-2019 01:59:08 , 42.28 , 143.08 ,4.6 ,67 
 28-OCT-2019 01:14:38 , -25.14 , 179.65 ,4.1 ,492 
 27-OCT-2019 23:47:37 , -24.06 , -67.21 ,4.7 ,207 
 27-OCT-2019 23:45:28 , -5.69 , 147.27 ,4.9 ,152 
 27-OCT-2019 18:52:17 , 9.53 , 122.55 ,4.6 ,56 
 27-OCT-2019 18:39:22 , 14.22 , -93.08 ,4.7 ,10 
 27-OCT-2019 18:07:42 , 13.32 , 120.44 ,4.9 ,41 
 27-OCT-2019 17:56:48 , 35.06 , 102.66 ,5.2 ,10 
 27-OCT-2019 16:44:40 , -37.90 , 175.90 ,4.4 ,286 
 27-OCT-2019 16:24:12 , -8.07 , 119.99 ,4.6 ,10 
 27-OCT-2019 16:23:44 , -8.18 , 119.89 ,4.3 ,11 
 27-OCT-2019 16:05:50 , 6.84 , 124.89 ,4.3 ,13 
 27-OCT-2019 16:01:44 , -22.87 , -178.31 ,4.6 ,272 
 27-OCT-2019 14:25:34 , -17.98 , -178.13 ,4.5 ,523 
 27-OCT-2019 14:17:13 , 12.84 , -89.77 ,4.6 ,10 
 27-OCT-2019 13:48:12 , -4.80 , 149.07 ,4.1 ,614 
 27-OCT-2019 13:29:52 , 19.15 , -67.29 ,4.3 ,19 
 27-OCT-2019 12:03:22 , 37.24 , 71.94 ,4.4 ,143 
 27-OCT-2019 11:44:11 , -23.51 , -66.91 ,4.2 ,205 
 27-OCT-2019 10:52:41 , 41.31 , 78.86 ,4.3 ,10 
 27-OCT-2019 10:27:00 , -10.05 , 160.88 ,4.6 ,10 
 27-OCT-2019 10:09:20 , 79.29 , 2.71 ,4.1 ,10 
 27-OCT-2019 09:54:56 , -22.77 , 170.68 ,4.4 ,10 
 27-OCT-2019 08:33:54 , -29.21 , -71.76 ,4.5 ,29 
 27-OCT-2019 07:42:13 , -9.12 , 111.36 ,4.5 ,66 
 27-OCT-2019 06:45:21 , -14.31 , -74.77 ,4.2 ,118 
 27-OCT-2019 05:42:01 , 54.42 , -160.66 ,4.0 ,21 
 27-OCT-2019 05:29:48 , 41.25 , 78.85 ,5.1 ,10 
 27-OCT-2019 04:32:26 , 62.88 , -148.30 ,4.5 ,75 
 27-OCT-2019 02:51:34 , -2.76 , 138.48 ,4.0 ,47 
 27-OCT-2019 02:25:33 , -7.54 , 128.31 ,4.4 ,177 
 27-OCT-2019 02:16:07 , 43.24 , 146.68 ,4.3 ,58 
 27-OCT-2019 02:05:38 , 3.07 , 127.12 ,5.0 ,66 
 27-OCT-2019 01:59:58 , -17.74 , -178.13 ,4.2 ,521 
 26-OCT-2019 22:48:19 , -21.43 , -179.01 ,4.1 ,560 
 26-OCT-2019 22:40:25 , -18.06 , -178.08 ,4.1 ,571 
 26-OCT-2019 21:45:45 , -6.53 , 150.36 ,4.2 ,10 
 26-OCT-2019 21:26:50 , 0.86 , 126.57 ,4.4 ,65 
 26-OCT-2019 20:28:49 , 53.05 , 173.36 ,5.1 ,14 
 26-OCT-2019 17:04:02 , 36.52 , 71.14 ,4.4 ,224 
 26-OCT-2019 15:32:06 , 44.29 , 148.96 ,4.3 ,44 
 26-OCT-2019 12:33:15 , -60.19 , -18.74 ,5.0 ,10 
 26-OCT-2019 12:08:40 , -22.37 , 171.52 ,4.9 ,105 
 26-OCT-2019 09:59:41 , 15.33 , -94.58 ,4.0 ,35 
 26-OCT-2019 08:52:37 , -15.70 , -171.87 ,5.3 ,10 
 26-OCT-2019 08:01:07 , -20.48 , 168.77 ,4.8 ,10 
 26-OCT-2019 07:41:26 , -21.26 , 168.80 ,4.2 ,10 
 26-OCT-2019 06:15:24 , 28.11 , 142.93 ,4.6 ,10 
 26-OCT-2019 05:49:27 , -41.10 , 44.42 ,4.3 ,10 
 26-OCT-2019 05:47:29 , -21.92 , 169.90 ,4.6 ,10 
 26-OCT-2019 04:57:19 , -18.38 , 120.63 ,4.2 ,10 
 26-OCT-2019 03:42:04 , 16.03 , -94.94 ,4.1 ,35 
 26-OCT-2019 03:34:25 , -21.47 , -179.19 ,4.8 ,604 
 26-OCT-2019 03:12:03 , -31.53 , -177.72 ,4.4 ,35 
 26-OCT-2019 03:04:26 , 0.16 , 127.58 ,4.5 ,133 
 26-OCT-2019 02:09:08 , -17.31 , -172.65 ,4.5 ,35 
 26-OCT-2019 01:16:42 , 13.09 , 145.37 ,4.4 ,43 
 26-OCT-2019 01:01:26 , 5.72 , -75.91 ,4.8 ,77 
 26-OCT-2019 00:52:20 , 52.52 , -170.17 ,4.0 ,54 
 26-OCT-2019 00:41:25 , 52.31 , -170.14 ,5.8 ,35 
 26-OCT-2019 00:26:45 , 53.10 , -161.68 ,4.1 ,10 
 25-OCT-2019 23:57:34 , 1.91 , 126.42 ,4.6 ,35 
 25-OCT-2019 23:37:55 , 12.26 , 124.67 ,4.7 ,100 
 25-OCT-2019 21:01:53 , -30.01 , -177.51 ,4.7 ,13 
 25-OCT-2019 20:29:53 , -3.42 , 130.51 ,4.3 ,10 
 25-OCT-2019 20:20:00 , 26.10 , -44.66 ,4.8 ,10 
 25-OCT-2019 19:23:40 , 30.33 , 139.70 ,4.7 ,10 
 25-OCT-2019 18:20:21 , 12.10 , -87.60 ,4.1 ,38 
 25-OCT-2019 18:10:28 , 1.65 , -90.78 ,4.5 ,10 
 25-OCT-2019 17:32:22 , -5.68 , 147.28 ,4.5 ,175 
 25-OCT-2019 17:17:52 , -5.94 , 148.46 ,4.6 ,99 
 25-OCT-2019 16:29:37 , -19.06 , -69.31 ,4.6 ,141 
 25-OCT-2019 15:02:18 , 12.53 , -88.30 ,4.6 ,73 
 25-OCT-2019 09:35:47 , 36.93 , -5.20 ,4.5 ,10 
 25-OCT-2019 08:21:54 , -11.16 , 165.08 ,4.9 ,10 
 25-OCT-2019 07:48:10 , 36.52 , 70.39 ,4.0 ,218 
 25-OCT-2019 07:15:38 , -5.71 , 110.76 ,4.8 ,548 
 25-OCT-2019 05:27:00 , 52.10 , -31.30 ,4.6 ,10 
 25-OCT-2019 04:31:39 , 39.71 , 15.52 ,4.6 ,10 
 25-OCT-2019 02:35:57 , -11.83 , -77.57 ,4.4 ,35 
 25-OCT-2019 02:35:02 , -2.67 , 138.34 ,4.6 ,45 
 25-OCT-2019 01:56:38 , 36.50 , 71.11 ,4.0 ,239 
 25-OCT-2019 01:49:16 , 53.57 , 160.26 ,4.5 ,56 
 25-OCT-2019 01:22:35 , 45.82 , 150.81 ,4.2 ,107 
 25-OCT-2019 00:37:45 , 12.14 , -87.89 ,4.5 ,35 
 24-OCT-2019 23:12:45 , -18.70 , -177.63 ,4.5 ,621 
 24-OCT-2019 21:06:47 , 36.46 , 28.67 ,4.6 ,10 
 24-OCT-2019 20:49:22 , 1.26 , 125.66 ,4.2 ,83 
 24-OCT-2019 19:14:18 , -28.62 , -177.09 ,5.7 ,90 
 24-OCT-2019 18:51:20 , 10.33 , 126.80 ,4.8 ,10 
 24-OCT-2019 18:47:35 , -56.51 , -26.94 ,4.9 ,95 
 24-OCT-2019 18:44:30 , -18.29 , -177.71 ,4.1 ,564 
 24-OCT-2019 18:09:49 , 11.58 , 125.88 ,4.5 ,31 
 24-OCT-2019 17:37:32 , 12.55 , 143.32 ,4.6 ,27 
 24-OCT-2019 14:44:59 , 15.56 , -93.15 ,4.3 ,91 
 24-OCT-2019 13:38:17 , 1.14 , 124.19 ,5.6 ,250 
 24-OCT-2019 10:50:14 , -17.59 , -172.75 ,5.4 ,10 
 24-OCT-2019 10:05:24 , 7.93 , -82.56 ,4.5 ,10 
 24-OCT-2019 08:53:38 , -44.77 , 167.43 ,4.9 ,17 
 24-OCT-2019 06:03:26 , -17.93 , -178.10 ,4.7 ,537 
 24-OCT-2019 03:54:20 , 15.63 , -91.90 ,4.9 ,211 
 24-OCT-2019 00:47:22 , 1.71 , 97.05 ,4.6 ,35 
 24-OCT-2019 00:33:33 , -19.46 , -177.42 ,5.2 ,368 
 24-OCT-2019 00:32:06 , -2.70 , 138.29 ,4.4 ,10 
 24-OCT-2019 00:28:39 , 50.54 , -171.95 ,4.1 ,10 
 23-OCT-2019 23:57:21 , -26.30 , -70.96 ,4.2 ,26 
 23-OCT-2019 23:52:33 , 79.90 , -0.96 ,4.3 ,10 
 23-OCT-2019 22:44:27 , -12.76 , 45.37 ,4.5 ,10 
 23-OCT-2019 22:08:26 , -17.69 , -178.70 ,4.0 ,560 
 23-OCT-2019 21:48:52 , -24.19 , -67.27 ,4.2 ,193 
 23-OCT-2019 21:36:51 , -17.72 , -178.75 ,4.3 ,549 
 23-OCT-2019 21:12:51 , 33.67 , 141.78 ,4.2 ,10 
 23-OCT-2019 21:10:12 , 33.58 , 141.82 ,4.4 ,10 
 23-OCT-2019 20:33:29 , -31.43 , -71.92 ,4.1 ,18 
 23-OCT-2019 19:09:54 , 24.83 , 123.45 ,4.7 ,81 
 23-OCT-2019 18:43:50 , -31.45 , -71.84 ,4.6 ,22 
 23-OCT-2019 18:16:57 , -25.93 , 179.70 ,4.2 ,524 
 23-OCT-2019 16:20:12 , -14.27 , 167.29 ,4.4 ,152 
 23-OCT-2019 16:19:18 , -55.78 , -27.73 ,4.5 ,103 
 23-OCT-2019 16:08:14 , -1.10 , -13.84 , 6.3 ,10 
 23-OCT-2019 16:04:20 , -2.51 , 138.45 ,4.3 ,10 
 23-OCT-2019 15:30:16 , -55.95 , -27.87 ,5.1 ,79 
 23-OCT-2019 15:02:35 , 41.92 , 142.55 ,4.5 ,59 
 23-OCT-2019 14:46:30 , 51.23 , 178.81 ,4.1 ,42 
 23-OCT-2019 14:09:29 , -18.14 , -174.49 ,5.1 ,10 
 23-OCT-2019 13:12:19 , -2.80 , 138.38 ,4.1 ,42 
 23-OCT-2019 12:29:14 , 6.82 , -73.00 ,4.4 ,156 
 23-OCT-2019 11:34:45 , 2.51 , 128.81 ,4.5 ,55 
 23-OCT-2019 10:36:18 , -2.68 , 138.47 ,4.6 ,10 
 23-OCT-2019 10:22:18 , 6.76 , 125.03 ,4.4 ,10 
 23-OCT-2019 09:05:29 , -21.99 , 170.25 ,4.7 ,10 
 23-OCT-2019 05:56:45 , -2.69 , 138.25 ,5.0 ,48 
 23-OCT-2019 04:49:44 , -21.89 , 169.01 ,5.0 ,31 
 23-OCT-2019 03:50:44 , -2.69 , 138.28 ,5.4 ,10 
 23-OCT-2019 03:43:19 , 39.73 , 141.85 ,4.7 ,60 
 23-OCT-2019 01:10:57 , -2.42 , 138.24 ,4.4 ,10 
 23-OCT-2019 01:10:27 , -2.53 , 138.22 ,4.6 ,10 
 23-OCT-2019 00:22:10 , -2.62 , 138.32 ,5.0 ,10 
 22-OCT-2019 23:25:59 , 17.32 , -101.16 ,4.4 ,10 
 22-OCT-2019 23:12:25 , 73.93 , -74.02 ,4.6 ,10 
 22-OCT-2019 22:54:05 , -2.59 , 138.28 ,5.1 ,22 
 22-OCT-2019 22:31:08 , -2.77 , 138.29 ,4.7 ,10 
 22-OCT-2019 22:19:42 , -2.65 , 138.29 ,4.2 ,10 
 22-OCT-2019 22:11:07 , -2.38 , 99.85 ,5.1 ,15 
 22-OCT-2019 22:10:03 , 27.28 , 55.07 ,4.1 ,10 
 22-OCT-2019 22:07:11 , -2.83 , 138.37 ,4.0 ,10 
 22-OCT-2019 22:03:58 , -2.67 , 138.33 ,4.6 ,10 
 22-OCT-2019 21:44:18 , -2.53 , 138.28 ,5.0 ,10 
 22-OCT-2019 21:41:56 , -2.60 , 138.21 ,5.0 ,10 
 22-OCT-2019 21:17:45 , -2.68 , 138.36 ,4.3 ,10 
 22-OCT-2019 20:54:18 , 26.62 , 141.20 ,4.8 ,99 
 22-OCT-2019 19:24:23 , -2.75 , 138.34 ,5.1 ,10 
 22-OCT-2019 19:15:28 , -2.89 , 138.24 ,5.5 ,10 
 22-OCT-2019 18:45:54 , 6.72 , 125.04 ,4.5 ,17 
 22-OCT-2019 16:58:52 , -34.88 , -179.58 ,4.4 ,10 
 22-OCT-2019 16:50:02 , -20.02 , 66.40 ,4.6 ,10 
 22-OCT-2019 16:48:29 , -20.26 , 66.09 ,4.6 ,10 
 22-OCT-2019 16:46:30 , -20.06 , 66.32 ,4.6 ,10 
 22-OCT-2019 16:41:39 , 37.83 , 92.30 ,4.1 ,10 
 22-OCT-2019 16:15:38 , -2.90 , -79.66 ,4.6 ,75 
 22-OCT-2019 16:12:05 , -20.09 , 66.39 ,4.6 ,10 
 22-OCT-2019 16:06:45 , 10.24 , 126.28 ,4.8 ,35 
 22-OCT-2019 16:05:08 , -20.14 , 66.26 ,4.6 ,10 
 22-OCT-2019 15:50:12 , -20.09 , 66.30 ,4.6 ,10 
 22-OCT-2019 14:03:51 , -19.66 , 169.81 ,4.6 ,13 
 22-OCT-2019 13:19:17 , 36.15 , 78.29 ,4.4 ,36 
 22-OCT-2019 13:13:48 , -9.53 , 118.26 ,4.8 ,68 
 22-OCT-2019 13:02:51 , -17.52 , -172.48 ,4.5 ,10 
 22-OCT-2019 11:03:02 , -15.10 , -172.79 ,4.9 ,10 
 22-OCT-2019 10:29:52 , -6.72 , 130.03 ,4.0 ,135 
 22-OCT-2019 09:36:39 , -15.33 , -173.01 ,4.5 ,10 
 22-OCT-2019 08:06:03 , 42.33 , 144.30 ,4.6 ,38 
 22-OCT-2019 04:18:38 , -15.20 , -173.05 ,5.8 ,10 
 22-OCT-2019 02:58:27 , -18.98 , -172.20 ,4.5 ,10 
 22-OCT-2019 01:30:40 , 19.26 , 95.68 ,4.9 ,10 
 22-OCT-2019 01:06:09 , 8.12 , 94.40 ,4.8 ,162 
 22-OCT-2019 00:14:54 , 15.10 , -45.02 ,4.8 ,10 
 22-OCT-2019 00:03:54 , -2.45 , 99.75 ,4.9 ,10 
 21-OCT-2019 23:49:24 , 8.34 , 126.11 ,4.4 ,133 
 21-OCT-2019 23:49:04 , -2.64 , 99.59 ,5.2 ,10 
 21-OCT-2019 23:20:52 , 13.96 , 120.69 ,4.8 ,115 
 21-OCT-2019 20:59:51 , -7.04 , 154.25 ,5.0 ,10 
 21-OCT-2019 20:50:37 , -15.47 , -74.76 ,4.7 ,51 
 21-OCT-2019 18:11:28 , 31.43 , 51.32 ,4.2 ,10 
 21-OCT-2019 17:26:35 , 33.47 , 81.41 ,4.0 ,10 
 21-OCT-2019 17:17:50 , 33.20 , 138.02 ,4.1 ,294 
 21-OCT-2019 16:26:10 , -5.97 , 148.55 ,4.5 ,66 
 21-OCT-2019 16:23:27 , -16.04 , 167.71 ,4.3 ,161 
 21-OCT-2019 15:37:28 , -9.11 , 128.47 ,4.3 ,10 
 21-OCT-2019 15:34:44 , 7.27 , 126.96 ,4.7 ,70 
 21-OCT-2019 15:31:59 , -15.70 , 167.91 ,4.4 ,148 
 21-OCT-2019 15:13:06 , -14.86 , -173.30 ,4.8 ,10 
 21-OCT-2019 14:50:20 , 3.62 , 64.02 ,4.6 ,10 
 21-OCT-2019 14:34:22 , 32.52 , 137.93 ,4.1 ,359 
 21-OCT-2019 14:24:54 , -3.32 , 135.89 ,4.6 ,10 
 21-OCT-2019 14:07:00 , 42.08 , 84.51 ,5.1 ,10 
 21-OCT-2019 14:02:05 , -55.40 , -26.63 ,4.6 ,10 
 21-OCT-2019 13:53:05 , 6.73 , 124.97 ,4.5 ,10 
 21-OCT-2019 13:47:13 , 43.29 , -126.96 ,4.6 ,10 
 21-OCT-2019 13:17:41 , 6.71 , 60.26 ,4.5 ,10 
 21-OCT-2019 13:16:17 , 27.24 , 55.06 ,4.5 ,10 
 21-OCT-2019 12:02:43 , -30.71 , -71.35 ,4.4 ,43 
 21-OCT-2019 10:58:52 , 27.21 , 54.98 ,5.4 ,10 
 21-OCT-2019 10:43:36 , -20.73 , -179.03 ,5.3 ,631 
 21-OCT-2019 09:36:22 , -38.92 , -72.86 ,4.9 ,58 
 21-OCT-2019 08:55:25 , 13.17 , -90.27 ,4.5 ,35 
 21-OCT-2019 07:41:57 , 3.49 , 64.20 ,5.0 ,10 
 21-OCT-2019 06:58:24 , 40.95 , 51.65 ,4.1 ,10 
 21-OCT-2019 06:00:31 , -32.30 , -69.48 ,4.4 ,108 
 21-OCT-2019 05:51:19 , -8.65 , 157.55 ,4.6 ,10 
 21-OCT-2019 03:44:14 , 56.23 , -149.96 ,4.4 ,10 
 21-OCT-2019 02:52:29 , -19.02 , 169.49 , 6.4 ,231 
 21-OCT-2019 02:46:23 , -8.79 , 157.60 ,4.6 ,10 
 21-OCT-2019 02:45:04 , -22.41 , -69.04 ,4.1 ,102 
 21-OCT-2019 02:23:15 , 1.39 , 126.66 ,4.6 ,73 
 21-OCT-2019 01:33:38 , -5.06 , 153.88 ,4.3 ,78 
 21-OCT-2019 00:25:38 , 28.30 , 104.90 ,4.5 ,10 
 20-OCT-2019 23:34:07 , -8.72 , 157.54 ,4.5 ,10 
 20-OCT-2019 23:27:03 , -7.67 , 117.21 ,4.3 ,10 
 20-OCT-2019 22:53:32 , 38.57 , 142.18 ,4.5 ,35 
 20-OCT-2019 22:52:20 , -8.66 , 157.75 ,4.6 ,10 
 20-OCT-2019 22:09:26 , -21.89 , 171.04 ,4.5 ,82 
 20-OCT-2019 21:03:58 , -31.19 , -68.42 ,4.3 ,98 
 20-OCT-2019 21:01:04 , -2.85 , 138.36 ,4.6 ,35 
 20-OCT-2019 19:32:55 , -31.80 , -178.08 ,4.4 ,10 
 20-OCT-2019 18:39:29 , 13.09 , 121.04 ,4.7 ,67 
 20-OCT-2019 18:32:48 , 6.63 , 125.14 ,4.5 ,10 
 20-OCT-2019 18:11:51 , 22.35 , 142.81 ,4.3 ,181 
 20-OCT-2019 16:52:43 , 31.66 , 49.36 ,4.0 ,10 
 20-OCT-2019 15:30:05 , -14.62 , 167.48 ,4.5 ,160 
 20-OCT-2019 14:28:13 , -31.16 , -177.33 ,4.4 ,10 
 20-OCT-2019 13:12:17 , 25.29 , 96.99 ,4.3 ,10 
 20-OCT-2019 12:20:40 , 6.65 , 125.23 ,4.7 ,10 
 20-OCT-2019 11:59:43 , 6.65 , 125.20 ,5.1 ,10 
 20-OCT-2019 11:50:35 , 6.64 , 125.17 ,5.0 ,10 
 20-OCT-2019 11:49:10 , -2.96 , 138.36 ,4.2 ,34 
 20-OCT-2019 11:40:25 , -24.34 , -67.59 ,4.1 ,177 
 20-OCT-2019 11:25:55 , -32.26 , -14.75 ,4.5 ,10 
 20-OCT-2019 11:25:23 , -32.49 , -14.93 ,4.5 ,10 
 20-OCT-2019 09:21:41 , -23.27 , -179.78 ,4.4 ,537 
 20-OCT-2019 09:14:04 , -32.63 , -14.45 ,4.8 ,10 
 20-OCT-2019 08:55:32 , 6.59 , 125.05 ,5.2 ,10 
 20-OCT-2019 08:44:56 , 36.06 , 69.74 ,4.0 ,136 
 20-OCT-2019 08:08:50 , -18.55 , -172.29 ,5.3 ,10 
 20-OCT-2019 08:05:36 , -18.43 , -172.17 ,4.8 ,10 
 20-OCT-2019 06:57:43 , -9.72 , 112.82 ,4.4 ,35 
 20-OCT-2019 05:59:15 , 2.52 , 128.64 ,4.1 ,58 
 20-OCT-2019 05:14:22 , 50.70 , 87.01 ,4.1 ,10 
 20-OCT-2019 04:52:15 , -1.88 , 139.03 ,4.1 ,10 
 20-OCT-2019 04:42:52 , 41.93 , 142.38 ,4.4 ,64 
 20-OCT-2019 04:32:04 , -18.68 , -172.44 ,5.0 ,10 
 20-OCT-2019 04:26:36 , -18.39 , -171.99 ,5.0 ,10 
 20-OCT-2019 03:05:24 , -2.71 , 138.44 ,4.0 ,46 
 20-OCT-2019 02:52:40 , -23.23 , -177.82 ,4.3 ,10 
 20-OCT-2019 02:19:43 , 40.87 , 142.50 ,4.3 ,38 
 20-OCT-2019 01:48:06 , -13.93 , 170.40 ,4.3 ,607 
 20-OCT-2019 01:29:32 , -18.36 , -172.16 ,4.3 ,10 
 19-OCT-2019 21:51:35 , 2.05 , 128.60 ,4.6 ,59 
 19-OCT-2019 20:31:55 , -18.91 , 178.06 ,5.7 ,18 
 19-OCT-2019 20:17:08 , -13.33 , -74.97 ,4.0 ,75 
 19-OCT-2019 19:36:39 , -1.31 , 150.39 ,4.8 ,10 
 19-OCT-2019 19:32:39 , -55.47 , -25.77 ,4.9 ,10 
 19-OCT-2019 18:33:54 , 14.17 , -90.07 ,4.3 ,175 
 19-OCT-2019 18:29:06 , 7.32 , -80.38 ,4.2 ,12 
 19-OCT-2019 17:28:31 , -37.92 , 176.43 ,4.3 ,170 
 19-OCT-2019 16:39:00 , -61.73 , -54.16 ,4.6 ,24 
 19-OCT-2019 16:32:44 , -18.41 , -172.09 ,5.0 ,10 
 19-OCT-2019 16:25:40 , -17.87 , -173.12 ,4.5 ,10 
 19-OCT-2019 16:23:22 , -18.14 , -172.69 ,4.4 ,10 
 19-OCT-2019 14:46:45 , 22.28 , 143.00 ,4.4 ,208 
 19-OCT-2019 14:29:19 , -8.78 , 127.48 ,5.2 ,10 
 19-OCT-2019 14:09:23 , -5.72 , 152.09 ,4.6 ,54 
 19-OCT-2019 13:35:36 , 22.57 , 93.31 ,4.3 ,45 
 19-OCT-2019 12:42:08 , 14.00 , 145.41 ,5.2 ,94 
 19-OCT-2019 11:53:12 , -18.67 , -172.47 ,5.3 ,10 
 19-OCT-2019 11:44:28 , 6.73 , 125.18 ,5.2 ,10 
 19-OCT-2019 11:12:00 , 3.52 , 92.72 ,4.9 ,10 
 19-OCT-2019 10:05:53 , 19.52 , -109.30 ,4.2 ,10 
 19-OCT-2019 09:51:39 , -18.74 , -171.92 ,4.5 ,10 
 19-OCT-2019 09:08:46 , 38.64 , 142.21 ,4.7 ,40 
 19-OCT-2019 08:57:55 , -35.60 , -106.15 ,4.6 ,10 
 19-OCT-2019 08:48:55 , -18.54 , -172.26 ,4.6 ,10 
 19-OCT-2019 08:40:14 , -18.26 , -172.09 ,5.4 ,10 
 19-OCT-2019 07:57:09 , -17.57 , -69.38 ,4.3 ,162 
 19-OCT-2019 05:10:04 , -20.02 , -177.46 ,4.2 ,526 
 19-OCT-2019 03:15:30 , -4.63 , 153.09 ,4.2 ,55 
 19-OCT-2019 01:32:55 , 3.08 , 126.51 ,4.4 ,35 
 18-OCT-2019 23:27:08 , -6.15 , 130.88 ,4.4 ,102 
 18-OCT-2019 22:52:18 , 6.76 , 125.12 ,5.0 ,28 
 18-OCT-2019 22:25:37 , 26.54 , 142.98 ,4.6 ,10 
 18-OCT-2019 22:02:19 , -7.11 , 129.13 ,4.8 ,166 
 18-OCT-2019 21:18:49 , -18.00 , -174.49 ,5.1 ,10 
 18-OCT-2019 19:14:10 , 28.20 , 139.86 ,4.6 ,428 
 18-OCT-2019 16:48:10 , 23.17 , 94.22 ,4.9 ,76 
 18-OCT-2019 15:54:11 , 35.50 , -1.08 ,4.3 ,10 
 18-OCT-2019 14:33:12 , -5.50 , 128.82 ,4.0 ,298 
 18-OCT-2019 13:44:59 , 6.72 , 124.94 ,4.3 ,10 
 18-OCT-2019 13:30:05 , -18.23 , -177.49 ,4.1 ,643 
 18-OCT-2019 13:25:48 , -18.14 , -178.09 ,5.3 ,621 
 18-OCT-2019 13:18:43 , 4.83 , 125.29 ,5.1 ,63 
 18-OCT-2019 13:11:22 , -19.01 , -177.32 ,4.1 ,579 
 18-OCT-2019 13:09:27 , 24.00 , 141.36 ,4.8 ,170 
 18-OCT-2019 13:08:59 , 66.34 , -157.29 ,5.2 ,6 
 18-OCT-2019 13:01:13 , -55.63 , -26.73 ,4.6 ,10 
 18-OCT-2019 10:56:20 , 6.82 , 124.98 ,4.9 ,10 
 18-OCT-2019 10:54:12 , -15.34 , -172.31 ,4.9 ,10 
 18-OCT-2019 10:32:53 , 32.85 , 73.65 ,4.7 ,44 
 18-OCT-2019 07:45:18 , -18.75 , -172.84 ,5.1 ,10 
 18-OCT-2019 06:32:23 , -49.70 , -111.68 ,4.8 ,10 
 18-OCT-2019 05:58:12 , -7.94 , 115.62 ,4.3 ,245 
 18-OCT-2019 04:09:42 , 26.57 , 55.10 ,4.2 ,35 
 18-OCT-2019 03:00:13 , 29.02 , 51.35 ,4.2 ,22 
 18-OCT-2019 02:28:12 , -29.38 , -69.73 ,4.5 ,104 
 18-OCT-2019 00:58:28 , 66.30 , -157.22 ,5.4 ,6 
 18-OCT-2019 00:56:51 , 78.77 , 10.50 ,4.9 ,10 
 17-OCT-2019 22:53:38 , -29.89 , -177.68 ,4.1 ,39 
 17-OCT-2019 22:00:10 , -23.85 , 179.87 ,4.3 ,519 
 17-OCT-2019 20:43:27 , 42.99 , -126.33 ,4.8 ,10 
 17-OCT-2019 20:42:05 , -14.52 , 167.59 ,4.4 ,102 
 17-OCT-2019 19:50:58 , 42.66 , 141.80 ,4.5 ,121 
 17-OCT-2019 19:34:07 , -2.90 , 141.63 ,5.5 ,18 
 17-OCT-2019 18:33:09 , -6.36 , 146.23 ,4.2 ,105 
 17-OCT-2019 17:18:05 , 51.22 , -178.69 ,4.1 ,35 
 17-OCT-2019 17:12:41 , -6.52 , 130.08 ,4.5 ,163 
 17-OCT-2019 16:58:28 , -46.40 , -69.06 ,4.4 ,10 
 17-OCT-2019 15:05:53 , 6.72 , 125.06 ,4.9 ,30 
 17-OCT-2019 13:44:29 , -34.32 , -72.38 ,4.6 ,10 
 17-OCT-2019 11:44:33 , 24.02 , 122.57 ,5.2 ,28 
 17-OCT-2019 06:52:41 , 11.36 , -86.81 ,4.4 ,43 
 17-OCT-2019 06:35:03 , -23.75 , -68.99 ,4.2 ,92 
 17-OCT-2019 06:18:23 , 6.84 , 125.12 ,4.4 ,10 
 17-OCT-2019 04:41:00 , 1.71 , -91.02 ,4.4 ,10 
 17-OCT-2019 03:26:42 , 1.77 , -90.82 ,4.8 ,10 
 17-OCT-2019 03:24:15 , 3.35 , 99.16 ,4.1 ,184 
 17-OCT-2019 03:09:25 , -60.22 , -25.95 ,4.5 ,10 
 17-OCT-2019 02:52:54 , 18.30 , 145.30 ,4.1 ,456 
 17-OCT-2019 02:01:46 , -20.91 , -175.74 ,4.5 ,10 
 17-OCT-2019 01:56:33 , 3.33 , 126.73 ,4.8 ,35 
 17-OCT-2019 01:53:40 , 6.74 , 125.03 ,4.7 ,10 
 17-OCT-2019 01:28:55 , 5.17 , 126.17 ,5.0 ,69 
 16-OCT-2019 23:59:52 , -47.73 , -9.92 ,5.0 ,10 
